Date,DayOfWeek,Time,BadgeCode,ReaderCode,ResourceId,UserId,UserName,Result
2025-12-30,星期二,15:42:14,bdg_bat,rdr_coke_machine,res_vending_01,usr_001,Bruce:Wayne,GRANTED
2025-12-30,星期二,15:42:15,bdg_ww,rdr_coke_machine,res_vending_01,usr_002,Diana:Prince,GRANTED
2025-12-30,星期二,15:47:23,bdg_sup,rdr_lab_entry,res_lab_door,usr_003,Clark:Kent,DENIED
2025-12-30,星期二,15:47:24,bdg_ww,rdr_coke_machine,res_vending_01,usr_002,Diana:Prince,DENIED
2025-12-30,星期二,15:47:25,bdg_bat,rdr_front_door,res_main_gate,usr_001,Bruce:Wayne,DENIED
2025-12-30,星期二,15:47:26,bdg_ww,rdr_coke_machine,res_vending_01,usr_002,Diana:Prince,DENIED
2025-12-30,星期二,15:47:27,bdg_sup,rdr_front_door,res_main_gate,usr_003,Clark:Kent,DENIED
2025-12-30,星期二,15:47:28,bdg_ww,rdr_lab_entry,res_lab_door,usr_002,Diana:Prince,DENIED
2025-12-30,星期二,15:47:29,bdg_sup,rdr_front_door,res_main_gate,usr_003,Clark:Kent,DENIED
2025-12-30,星期二,15:47:30,bdg_sup,rdr_front_door,res_main_gate,usr_003,Clark:Kent,DENIED
2025-12-30,星期二,15:47:31,bdg_ww,rdr_coke_machine,res_vending_01,usr_002,Diana:Prince,DENIED
2025-12-30,星期二,15:47:32,bdg_sup,rdr_lab_entry,res_lab_door,usr_003,Clark:Kent,DENIED
2025-12-30,星期二,15:47:33,bdg_bat,rdr_coke_machine,res_vending_01,usr_001,Bruce:Wayne,DENIED
2025-12-30,星期二,15:47:34,bdg_bat,rdr_front_door,res_main_gate,usr_001,Bruce:Wayne,DENIED
2025-12-30,星期二,15:47:35,bdg_ww,rdr_lab_entry,res_lab_door,usr_002,Diana:Prince,DENIED
2025-12-30,星期二,15:47:36,bdg_sup,rdr_coke_machine,res_vending_01,usr_003,Clark:Kent,DENIED
2025-12-30,星期二,15:47:37,bdg_bat,rdr_front_door,res_main_gate,usr_001,Bruce:Wayne,DENIED
2025-12-30,星期二,15:47:38,bdg_ww,rdr_coke_machine,res_vending_01,usr_002,Diana:Prince,DENIED
2025-12-30,星期二,15:47:39,bdg_bat,rdr_front_door,res_main_gate,usr_001,Bruce:Wayne,DENIED
2025-12-30,星期二,15:47:40,bdg_sup,rdr_lab_entry,res_lab_door,usr_003,Clark:Kent,DENIED
2025-12-30,星期二,15:47:41,bdg_sup,rdr_front_door,res_main_gate,usr_003,Clark:Kent,DENIED
2025-12-30,星期二,15:47:42,bdg_bat,rdr_front_door,res_main_gate,usr_001,Bruce:Wayne,DENIED
2025-12-30,星期二,15:47:43,bdg_ww,rdr_coke_machine,res_vending_01,usr_002,Diana:Prince,DENIED
2025-12-30,星期二,15:47:44,bdg_bat,rdr_front_door,res_main_gate,usr_001,Bruce:Wayne,DENIED
2025-12-30,星期二,15:47:45,bdg_ww,rdr_lab_entry,res_lab_door,usr_002,Diana:Prince,DENIED
2025-12-30,星期二,15:47:46,bdg_ww,rdr_lab_entry,res_lab_door,usr_002,Diana:Prince,DENIED
2025-12-30,星期二,15:47:47,bdg_ww,rdr_coke_machine,res_vending_01,usr_002,Diana:Prince,DENIED
2025-12-30,星期二,15:47:48,bdg_ww,rdr_coke_machine,res_vending_01,usr_002,Diana:Prince,DENIED
2025-12-30,星期二,15:47:49,bdg_sup,rdr_front_door,res_main_gate,usr_003,Clark:Kent,DENIED
2025-12-30,星期二,15:47:50,bdg_bat,rdr_front_door,res_main_gate,usr_001,Bruce:Wayne,DENIED
2025-12-30,星期二,15:47:51,bdg_ww,rdr_lab_entry,res_lab_door,usr_002,Diana:Prince,DENIED
2025-12-30,星期二,15:47:52,bdg_sup,rdr_coke_machine,res_vending_01,usr_003,Clark:Kent,DENIED
2025-12-30,星期二,15:47:53,bdg_ww,rdr_coke_machine,res_vending_01,usr_002,Diana:Prince,DENIED
2025-12-30,星期二,15:47:54,bdg_ww,rdr_front_door,res_main_gate,usr_002,Diana:Prince,DENIED
2025-12-30,星期二,15:47:55,bdg_bat,rdr_lab_entry,res_lab_door,usr_001,Bruce:Wayne,DENIED
2025-12-30,星期二,15:47:56,bdg_bat,rdr_coke_machine,res_vending_01,usr_001,Bruce:Wayne,DENIED
2025-12-30,星期二,15:47:57,bdg_sup,rdr_front_door,res_main_gate,usr_003,Clark:Kent,DENIED
2025-12-30,星期二,15:47:58,bdg_bat,rdr_front_door,res_main_gate,usr_001,Bruce:Wayne,DENIED
2025-12-30,星期二,15:47:59,bdg_ww,rdr_front_door,res_main_gate,usr_002,Diana:Prince,DENIED
2025-12-30,星期二,15:48:00,bdg_bat,rdr_coke_machine,res_vending_01,usr_001,Bruce:Wayne,DENIED
2025-12-30,星期二,15:48:01,bdg_ww,rdr_coke_machine,res_vending_01,usr_002,Diana:Prince,DENIED
2025-12-30,星期二,15:48:02,bdg_ww,rdr_coke_machine,res_vending_01,usr_002,Diana:Prince,DENIED
2025-12-30,星期二,15:48:03,bdg_sup,rdr_front_door,res_main_gate,usr_003,Clark:Kent,DENIED
2025-12-30,星期二,15:48:04,bdg_bat,rdr_front_door,res_main_gate,usr_001,Bruce:Wayne,DENIED
2025-12-30,星期二,15:48:05,bdg_ww,rdr_coke_machine,res_vending_01,usr_002,Diana:Prince,DENIED
2025-12-30,星期二,15:48:06,bdg_ww,rdr_coke_machine,res_vending_01,usr_002,Diana:Prince,DENIED
2025-12-30,星期二,15:48:07,bdg_sup,rdr_front_door,res_main_gate,usr_003,Clark:Kent,DENIED
2025-12-30,星期二,15:48:08,bdg_ww,rdr_lab_entry,res_lab_door,usr_002,Diana:Prince,DENIED
2025-12-30,星期二,15:48:09,bdg_bat,rdr_coke_machine,res_vending_01,usr_001,Bruce:Wayne,DENIED
2025-12-30,星期二,15:48:10,bdg_bat,rdr_lab_entry,res_lab_door,usr_001,Bruce:Wayne,DENIED
2025-12-30,星期二,15:48:11,bdg_sup,rdr_lab_entry,res_lab_door,usr_003,Clark:Kent,DENIED
2025-12-30,星期二,15:48:12,bdg_ww,rdr_front_door,res_main_gate,usr_002,Diana:Prince,DENIED
2025-12-30,星期二,15:48:13,bdg_ww,rdr_front_door,res_main_gate,usr_002,Diana:Prince,DENIED
2025-12-30,星期二,15:48:14,bdg_sup,rdr_coke_machine,res_vending_01,usr_003,Clark:Kent,DENIED
2025-12-30,星期二,15:48:15,bdg_ww,rdr_lab_entry,res_lab_door,usr_002,Diana:Prince,DENIED
2025-12-30,星期二,15:48:16,bdg_sup,rdr_lab_entry,res_lab_door,usr_003,Clark:Kent,DENIED
2025-12-30,星期二,15:48:17,bdg_bat,rdr_lab_entry,res_lab_door,usr_001,Bruce:Wayne,DENIED
2025-12-30,星期二,15:48:18,bdg_bat,rdr_coke_machine,res_vending_01,usr_001,Bruce:Wayne,DENIED
2025-12-30,星期二,15:48:19,bdg_ww,rdr_coke_machine,res_vending_01,usr_002,Diana:Prince,DENIED
2025-12-30,星期二,15:48:20,bdg_sup,rdr_lab_entry,res_lab_door,usr_003,Clark:Kent,DENIED
2025-12-30,星期二,15:48:21,bdg_bat,rdr_front_door,res_main_gate,usr_001,Bruce:Wayne,DENIED
2025-12-30,星期二,15:48:22,bdg_bat,rdr_lab_entry,res_lab_door,usr_001,Bruce:Wayne,DENIED
2025-12-30,星期二,15:48:23,bdg_sup,rdr_front_door,res_main_gate,usr_003,Clark:Kent,DENIED
2025-12-30,星期二,15:48:24,bdg_bat,rdr_coke_machine,res_vending_01,usr_001,Bruce:Wayne,DENIED
2025-12-30,星期二,15:48:25,bdg_ww,rdr_coke_machine,res_vending_01,usr_002,Diana:Prince,DENIED
2025-12-30,星期二,15:48:26,bdg_sup,rdr_front_door,res_main_gate,usr_003,Clark:Kent,DENIED
2025-12-30,星期二,15:48:27,bdg_sup,rdr_coke_machine,res_vending_01,usr_003,Clark:Kent,DENIED
2025-12-30,星期二,15:50:27,bdg_sup,rdr_lab_entry,res_lab_door,usr_003,Clark:Kent,DENIED
2025-12-30,星期二,15:50:28,bdg_sup,rdr_coke_machine,res_vending_01,usr_003,Clark:Kent,DENIED
2025-12-30,星期二,15:50:29,bdg_sup,rdr_front_door,res_main_gate,usr_003,Clark:Kent,DENIED
2025-12-30,星期二,15:50:30,bdg_ww,rdr_front_door,res_main_gate,usr_002,Diana:Prince,DENIED
2025-12-30,星期二,15:50:31,bdg_bat,rdr_coke_machine,res_vending_01,usr_001,Bruce:Wayne,DENIED
2025-12-30,星期二,15:50:32,bdg_bat,rdr_front_door,res_main_gate,usr_001,Bruce:Wayne,DENIED
2025-12-30,星期二,15:50:33,bdg_bat,rdr_lab_entry,res_lab_door,usr_001,Bruce:Wayne,DENIED
2025-12-30,星期二,15:50:34,bdg_ww,rdr_coke_machine,res_vending_01,usr_002,Diana:Prince,DENIED
2025-12-30,星期二,15:50:35,bdg_sup,rdr_lab_entry,res_lab_door,usr_003,Clark:Kent,DENIED
2025-12-30,星期二,15:50:36,bdg_sup,rdr_front_door,res_main_gate,usr_003,Clark:Kent,DENIED
2025-12-30,星期二,15:50:37,bdg_sup,rdr_lab_entry,res_lab_door,usr_003,Clark:Kent,DENIED
2025-12-30,星期二,15:50:38,bdg_sup,rdr_front_door,res_main_gate,usr_003,Clark:Kent,DENIED
2025-12-30,星期二,15:50:39,bdg_sup,rdr_front_door,res_main_gate,usr_003,Clark:Kent,DENIED
2025-12-30,星期二,15:50:40,bdg_sup,rdr_lab_entry,res_lab_door,usr_003,Clark:Kent,DENIED
2025-12-30,星期二,15:50:41,bdg_ww,rdr_lab_entry,res_lab_door,usr_002,Diana:Prince,DENIED
2025-12-30,星期二,15:50:42,bdg_ww,rdr_lab_entry,res_lab_door,usr_002,Diana:Prince,DENIED
2025-12-30,星期二,15:50:43,bdg_sup,rdr_coke_machine,res_vending_01,usr_003,Clark:Kent,DENIED
2025-12-30,星期二,15:50:44,bdg_ww,rdr_lab_entry,res_lab_door,usr_002,Diana:Prince,DENIED
2025-12-30,星期二,15:50:45,bdg_bat,rdr_front_door,res_main_gate,usr_001,Bruce:Wayne,DENIED
2025-12-30,星期二,15:50:46,bdg_bat,rdr_coke_machine,res_vending_01,usr_001,Bruce:Wayne,DENIED
2025-12-30,星期二,15:50:47,bdg_sup,rdr_front_door,res_main_gate,usr_003,Clark:Kent,DENIED
2025-12-30,星期二,15:50:48,bdg_bat,rdr_lab_entry,res_lab_door,usr_001,Bruce:Wayne,DENIED
2025-12-30,星期二,15:50:49,bdg_ww,rdr_coke_machine,res_vending_01,usr_002,Diana:Prince,DENIED
2025-12-30,星期二,15:50:50,bdg_ww,rdr_front_door,res_main_gate,usr_002,Diana:Prince,DENIED
2025-12-30,星期二,15:50:51,bdg_ww,rdr_front_door,res_main_gate,usr_002,Diana:Prince,DENIED
2025-12-30,星期二,15:50:52,bdg_ww,rdr_lab_entry,res_lab_door,usr_002,Diana:Prince,DENIED
2025-12-30,星期二,15:50:53,bdg_sup,rdr_lab_entry,res_lab_door,usr_003,Clark:Kent,DENIED
2025-12-30,星期二,15:50:54,bdg_bat,rdr_front_door,res_main_gate,usr_001,Bruce:Wayne,DENIED
2025-12-30,星期二,15:50:55,bdg_ww,rdr_lab_entry,res_lab_door,usr_002,Diana:Prince,DENIED
2025-12-30,星期二,15:50:56,bdg_sup,rdr_front_door,res_main_gate,usr_003,Clark:Kent,DENIED
2025-12-30,星期二,15:50:57,bdg_ww,rdr_front_door,res_main_gate,usr_002,Diana:Prince,DENIED
2025-12-30,星期二,15:50:58,bdg_bat,rdr_coke_machine,res_vending_01,usr_001,Bruce:Wayne,DENIED
2025-12-30,星期二,15:50:59,bdg_ww,rdr_lab_entry,res_lab_door,usr_002,Diana:Prince,DENIED
2025-12-30,星期二,15:51:00,bdg_ww,rdr_coke_machine,res_vending_01,usr_002,Diana:Prince,DENIED
2025-12-30,星期二,15:51:01,bdg_ww,rdr_coke_machine,res_vending_01,usr_002,Diana:Prince,DENIED
2025-12-30,星期二,15:51:02,bdg_ww,rdr_coke_machine,res_vending_01,usr_002,Diana:Prince,DENIED
2025-12-30,星期二,15:51:03,bdg_bat,rdr_lab_entry,res_lab_door,usr_001,Bruce:Wayne,DENIED
2025-12-30,星期二,15:51:04,bdg_ww,rdr_coke_machine,res_vending_01,usr_002,Diana:Prince,DENIED
2025-12-30,星期二,15:51:05,bdg_ww,rdr_coke_machine,res_vending_01,usr_002,Diana:Prince,DENIED
2025-12-30,星期二,15:51:06,bdg_sup,rdr_front_door,res_main_gate,usr_003,Clark:Kent,DENIED
2025-12-30,星期二,15:51:07,bdg_sup,rdr_front_door,res_main_gate,usr_003,Clark:Kent,DENIED
2025-12-30,星期二,15:51:08,bdg_sup,rdr_lab_entry,res_lab_door,usr_003,Clark:Kent,DENIED
2025-12-30,星期二,15:51:09,bdg_ww,rdr_lab_entry,res_lab_door,usr_002,Diana:Prince,DENIED
2025-12-30,星期二,15:51:10,bdg_ww,rdr_lab_entry,res_lab_door,usr_002,Diana:Prince,DENIED
2025-12-30,星期二,15:51:11,bdg_ww,rdr_front_door,res_main_gate,usr_002,Diana:Prince,DENIED
2025-12-30,星期二,15:51:12,bdg_sup,rdr_front_door,res_main_gate,usr_003,Clark:Kent,DENIED
2025-12-30,星期二,15:51:13,bdg_sup,rdr_coke_machine,res_vending_01,usr_003,Clark:Kent,DENIED
2025-12-30,星期二,15:51:14,bdg_ww,rdr_coke_machine,res_vending_01,usr_002,Diana:Prince,DENIED
2025-12-30,星期二,15:51:15,bdg_ww,rdr_front_door,res_main_gate,usr_002,Diana:Prince,DENIED
2025-12-30,星期二,15:51:16,bdg_ww,rdr_coke_machine,res_vending_01,usr_002,Diana:Prince,DENIED
2025-12-30,星期二,15:51:17,bdg_sup,rdr_front_door,res_main_gate,usr_003,Clark:Kent,DENIED
2025-12-30,星期二,15:51:18,bdg_sup,rdr_lab_entry,res_lab_door,usr_003,Clark:Kent,DENIED
2025-12-30,星期二,15:51:19,bdg_ww,rdr_lab_entry,res_lab_door,usr_002,Diana:Prince,DENIED
2025-12-30,星期二,15:51:20,bdg_bat,rdr_lab_entry,res_lab_door,usr_001,Bruce:Wayne,DENIED
2025-12-30,星期二,15:51:21,bdg_sup,rdr_front_door,res_main_gate,usr_003,Clark:Kent,DENIED
2025-12-30,星期二,15:51:22,bdg_ww,rdr_front_door,res_main_gate,usr_002,Diana:Prince,DENIED
2025-12-30,星期二,15:51:23,bdg_bat,rdr_front_door,res_main_gate,usr_001,Bruce:Wayne,DENIED
2025-12-30,星期二,15:51:24,bdg_bat,rdr_coke_machine,res_vending_01,usr_001,Bruce:Wayne,DENIED
2025-12-30,星期二,15:51:25,bdg_ww,rdr_lab_entry,res_lab_door,usr_002,Diana:Prince,DENIED
2025-12-30,星期二,15:51:49,bdg_ww,rdr_lab_entry,res_lab_door,usr_002,Diana:Prince,DENIED
2025-12-30,星期二,15:51:50,bdg_ww,rdr_lab_entry,res_lab_door,usr_002,Diana:Prince,DENIED
2025-12-30,星期二,15:51:51,bdg_ww,rdr_lab_entry,res_lab_door,usr_002,Diana:Prince,DENIED
2025-12-30,星期二,15:51:52,bdg_sup,rdr_lab_entry,res_lab_door,usr_003,Clark:Kent,DENIED
2025-12-30,星期二,15:51:53,bdg_bat,rdr_coke_machine,res_vending_01,usr_001,Bruce:Wayne,DENIED
2025-12-30,星期二,15:51:54,bdg_sup,rdr_front_door,res_main_gate,usr_003,Clark:Kent,DENIED
2025-12-30,星期二,15:51:55,bdg_ww,rdr_lab_entry,res_lab_door,usr_002,Diana:Prince,DENIED
2025-12-30,星期二,15:51:56,bdg_bat,rdr_coke_machine,res_vending_01,usr_001,Bruce:Wayne,DENIED
2025-12-30,星期二,15:51:57,bdg_sup,rdr_front_door,res_main_gate,usr_003,Clark:Kent,DENIED
2025-12-30,星期二,15:51:58,bdg_ww,rdr_coke_machine,res_vending_01,usr_002,Diana:Prince,DENIED
2025-12-30,星期二,15:51:59,bdg_sup,rdr_coke_machine,res_vending_01,usr_003,Clark:Kent,DENIED
2025-12-30,星期二,15:52:00,bdg_sup,rdr_front_door,res_main_gate,usr_003,Clark:Kent,DENIED
2025-12-30,星期二,15:52:01,bdg_bat,rdr_front_door,res_main_gate,usr_001,Bruce:Wayne,DENIED
2025-12-30,星期二,15:52:02,bdg_bat,rdr_front_door,res_main_gate,usr_001,Bruce:Wayne,DENIED
2025-12-30,星期二,15:52:03,bdg_ww,rdr_coke_machine,res_vending_01,usr_002,Diana:Prince,DENIED
2025-12-30,星期二,15:52:04,bdg_ww,rdr_front_door,res_main_gate,usr_002,Diana:Prince,DENIED
2025-12-30,星期二,15:52:05,bdg_bat,rdr_front_door,res_main_gate,usr_001,Bruce:Wayne,DENIED
2025-12-30,星期二,15:52:06,bdg_sup,rdr_lab_entry,res_lab_door,usr_003,Clark:Kent,DENIED
2025-12-30,星期二,15:52:07,bdg_bat,rdr_coke_machine,res_vending_01,usr_001,Bruce:Wayne,DENIED
2025-12-30,星期二,15:52:08,bdg_sup,rdr_front_door,res_main_gate,usr_003,Clark:Kent,DENIED
2025-12-30,星期二,15:52:09,bdg_ww,rdr_coke_machine,res_vending_01,usr_002,Diana:Prince,DENIED
2025-12-30,星期二,15:52:10,bdg_ww,rdr_front_door,res_main_gate,usr_002,Diana:Prince,DENIED
2025-12-30,星期二,15:52:11,bdg_bat,rdr_coke_machine,res_vending_01,usr_001,Bruce:Wayne,DENIED
2025-12-30,星期二,15:52:12,bdg_bat,rdr_front_door,res_main_gate,usr_001,Bruce:Wayne,DENIED
2025-12-30,星期二,15:52:13,bdg_ww,rdr_coke_machine,res_vending_01,usr_002,Diana:Prince,DENIED
2025-12-30,星期二,15:52:14,bdg_ww,rdr_coke_machine,res_vending_01,usr_002,Diana:Prince,DENIED
2025-12-30,星期二,15:52:15,bdg_ww,rdr_lab_entry,res_lab_door,usr_002,Diana:Prince,DENIED
2025-12-30,星期二,15:52:16,bdg_ww,rdr_coke_machine,res_vending_01,usr_002,Diana:Prince,DENIED
2025-12-30,星期二,15:52:17,bdg_ww,rdr_lab_entry,res_lab_door,usr_002,Diana:Prince,DENIED
2025-12-30,星期二,15:52:18,bdg_ww,rdr_front_door,res_main_gate,usr_002,Diana:Prince,DENIED
2025-12-30,星期二,15:52:19,bdg_ww,rdr_front_door,res_main_gate,usr_002,Diana:Prince,DENIED
2025-12-30,星期二,15:52:20,bdg_bat,rdr_lab_entry,res_lab_door,usr_001,Bruce:Wayne,DENIED
2025-12-30,星期二,15:52:21,bdg_ww,rdr_front_door,res_main_gate,usr_002,Diana:Prince,DENIED
2025-12-30,星期二,15:52:22,bdg_ww,rdr_front_door,res_main_gate,usr_002,Diana:Prince,DENIED
2025-12-30,星期二,15:52:23,bdg_bat,rdr_lab_entry,res_lab_door,usr_001,Bruce:Wayne,DENIED
2025-12-30,星期二,15:52:24,bdg_bat,rdr_coke_machine,res_vending_01,usr_001,Bruce:Wayne,DENIED
2025-12-30,星期二,15:52:25,bdg_bat,rdr_front_door,res_main_gate,usr_001,Bruce:Wayne,DENIED
2025-12-30,星期二,15:52:26,bdg_bat,rdr_front_door,res_main_gate,usr_001,Bruce:Wayne,DENIED
2025-12-30,星期二,15:52:27,bdg_sup,rdr_front_door,res_main_gate,usr_003,Clark:Kent,DENIED
2025-12-30,星期二,15:52:28,bdg_ww,rdr_front_door,res_main_gate,usr_002,Diana:Prince,DENIED
2025-12-30,星期二,15:52:29,bdg_sup,rdr_lab_entry,res_lab_door,usr_003,Clark:Kent,DENIED
2025-12-30,星期二,15:52:30,bdg_ww,rdr_coke_machine,res_vending_01,usr_002,Diana:Prince,DENIED
2025-12-30,星期二,15:52:31,bdg_sup,rdr_lab_entry,res_lab_door,usr_003,Clark:Kent,DENIED
2025-12-30,星期二,15:52:32,bdg_bat,rdr_coke_machine,res_vending_01,usr_001,Bruce:Wayne,DENIED
2025-12-30,星期二,15:52:33,bdg_ww,rdr_lab_entry,res_lab_door,usr_002,Diana:Prince,DENIED
2025-12-30,星期二,15:52:34,bdg_bat,rdr_coke_machine,res_vending_01,usr_001,Bruce:Wayne,DENIED
2025-12-30,星期二,15:52:35,bdg_ww,rdr_lab_entry,res_lab_door,usr_002,Diana:Prince,DENIED
2025-12-30,星期二,15:52:36,bdg_sup,rdr_front_door,res_main_gate,usr_003,Clark:Kent,DENIED
2025-12-30,星期二,15:52:37,bdg_ww,rdr_lab_entry,res_lab_door,usr_002,Diana:Prince,DENIED
2025-12-30,星期二,15:52:38,bdg_bat,rdr_lab_entry,res_lab_door,usr_001,Bruce:Wayne,DENIED
2025-12-30,星期二,15:52:39,bdg_sup,rdr_coke_machine,res_vending_01,usr_003,Clark:Kent,DENIED
2025-12-30,星期二,15:52:40,bdg_bat,rdr_coke_machine,res_vending_01,usr_001,Bruce:Wayne,DENIED
2025-12-30,星期二,15:52:41,bdg_bat,rdr_coke_machine,res_vending_01,usr_001,Bruce:Wayne,DENIED
2025-12-30,星期二,15:52:42,bdg_ww,rdr_lab_entry,res_lab_door,usr_002,Diana:Prince,DENIED
2025-12-30,星期二,15:52:43,bdg_bat,rdr_front_door,res_main_gate,usr_001,Bruce:Wayne,DENIED
2025-12-30,星期二,15:52:44,bdg_sup,rdr_coke_machine,res_vending_01,usr_003,Clark:Kent,DENIED
2025-12-30,星期二,15:52:45,bdg_bat,rdr_coke_machine,res_vending_01,usr_001,Bruce:Wayne,DENIED
2025-12-30,星期二,15:52:46,bdg_ww,rdr_coke_machine,res_vending_01,usr_002,Diana:Prince,DENIED
2025-12-30,星期二,15:52:47,bdg_sup,rdr_front_door,res_main_gate,usr_003,Clark:Kent,DENIED
2025-12-30,星期二,15:52:48,bdg_ww,rdr_lab_entry,res_lab_door,usr_002,Diana:Prince,DENIED
2025-12-30,星期二,15:52:49,bdg_sup,rdr_coke_machine,res_vending_01,usr_003,Clark:Kent,DENIED
2025-12-30,星期二,15:52:50,bdg_ww,rdr_coke_machine,res_vending_01,usr_002,Diana:Prince,DENIED
2025-12-30,星期二,15:52:51,bdg_ww,rdr_coke_machine,res_vending_01,usr_002,Diana:Prince,DENIED
2025-12-30,星期二,15:52:52,bdg_sup,rdr_front_door,res_main_gate,usr_003,Clark:Kent,DENIED
2025-12-30,星期二,15:52:53,bdg_sup,rdr_lab_entry,res_lab_door,usr_003,Clark:Kent,DENIED
2025-12-30,星期二,15:52:54,bdg_ww,rdr_front_door,res_main_gate,usr_002,Diana:Prince,DENIED
2025-12-30,星期二,15:52:55,bdg_bat,rdr_lab_entry,res_lab_door,usr_001,Bruce:Wayne,DENIED
2025-12-30,星期二,15:52:56,bdg_sup,rdr_coke_machine,res_vending_01,usr_003,Clark:Kent,DENIED
2025-12-30,星期二,15:52:57,bdg_bat,rdr_coke_machine,res_vending_01,usr_001,Bruce:Wayne,DENIED
2025-12-30,星期二,15:52:58,bdg_sup,rdr_coke_machine,res_vending_01,usr_003,Clark:Kent,DENIED
2025-12-30,星期二,15:52:59,bdg_sup,rdr_lab_entry,res_lab_door,usr_003,Clark:Kent,DENIED
2025-12-30,星期二,15:53:00,bdg_bat,rdr_coke_machine,res_vending_01,usr_001,Bruce:Wayne,DENIED
2025-12-30,星期二,15:53:01,bdg_sup,rdr_lab_entry,res_lab_door,usr_003,Clark:Kent,DENIED
2025-12-30,星期二,15:53:02,bdg_ww,rdr_front_door,res_main_gate,usr_002,Diana:Prince,DENIED
2025-12-30,星期二,15:53:03,bdg_sup,rdr_coke_machine,res_vending_01,usr_003,Clark:Kent,DENIED
2025-12-30,星期二,15:53:04,bdg_ww,rdr_front_door,res_main_gate,usr_002,Diana:Prince,DENIED
2025-12-30,星期二,15:53:05,bdg_sup,rdr_front_door,res_main_gate,usr_003,Clark:Kent,DENIED
2025-12-30,星期二,15:53:06,bdg_bat,rdr_coke_machine,res_vending_01,usr_001,Bruce:Wayne,DENIED
2025-12-30,星期二,15:53:07,bdg_sup,rdr_front_door,res_main_gate,usr_003,Clark:Kent,DENIED
2025-12-30,星期二,15:53:08,bdg_bat,rdr_front_door,res_main_gate,usr_001,Bruce:Wayne,DENIED
2025-12-30,星期二,15:53:09,bdg_bat,rdr_lab_entry,res_lab_door,usr_001,Bruce:Wayne,DENIED
2025-12-30,星期二,15:53:10,bdg_ww,rdr_coke_machine,res_vending_01,usr_002,Diana:Prince,DENIED
2025-12-30,星期二,15:53:11,bdg_ww,rdr_coke_machine,res_vending_01,usr_002,Diana:Prince,DENIED
2025-12-30,星期二,15:53:12,bdg_bat,rdr_coke_machine,res_vending_01,usr_001,Bruce:Wayne,DENIED
2025-12-30,星期二,15:53:13,bdg_ww,rdr_lab_entry,res_lab_door,usr_002,Diana:Prince,DENIED
2025-12-30,星期二,15:53:14,bdg_sup,rdr_lab_entry,res_lab_door,usr_003,Clark:Kent,DENIED
2025-12-30,星期二,15:53:15,bdg_ww,rdr_coke_machine,res_vending_01,usr_002,Diana:Prince,DENIED
2025-12-30,星期二,15:53:16,bdg_ww,rdr_lab_entry,res_lab_door,usr_002,Diana:Prince,DENIED
2025-12-30,星期二,15:53:17,bdg_sup,rdr_coke_machine,res_vending_01,usr_003,Clark:Kent,DENIED
2025-12-30,星期二,15:53:18,bdg_sup,rdr_coke_machine,res_vending_01,usr_003,Clark:Kent,DENIED
2025-12-30,星期二,15:53:19,bdg_sup,rdr_coke_machine,res_vending_01,usr_003,Clark:Kent,DENIED
2025-12-30,星期二,15:53:20,bdg_bat,rdr_front_door,res_main_gate,usr_001,Bruce:Wayne,DENIED
2025-12-30,星期二,15:53:21,bdg_sup,rdr_coke_machine,res_vending_01,usr_003,Clark:Kent,DENIED
2025-12-30,星期二,15:53:22,bdg_sup,rdr_coke_machine,res_vending_01,usr_003,Clark:Kent,DENIED
2025-12-30,星期二,15:53:23,bdg_ww,rdr_front_door,res_main_gate,usr_002,Diana:Prince,DENIED
2025-12-30,星期二,15:53:24,bdg_bat,rdr_lab_entry,res_lab_door,usr_001,Bruce:Wayne,DENIED
2025-12-30,星期二,15:53:25,bdg_bat,rdr_front_door,res_main_gate,usr_001,Bruce:Wayne,DENIED
2025-12-30,星期二,15:53:26,bdg_bat,rdr_lab_entry,res_lab_door,usr_001,Bruce:Wayne,DENIED
2025-12-30,星期二,15:53:27,bdg_sup,rdr_lab_entry,res_lab_door,usr_003,Clark:Kent,DENIED
2025-12-30,星期二,15:53:28,bdg_sup,rdr_lab_entry,res_lab_door,usr_003,Clark:Kent,DENIED
2025-12-30,星期二,15:53:29,bdg_bat,rdr_lab_entry,res_lab_door,usr_001,Bruce:Wayne,DENIED
2025-12-30,星期二,15:53:30,bdg_bat,rdr_lab_entry,res_lab_door,usr_001,Bruce:Wayne,DENIED
2025-12-30,星期二,15:53:31,bdg_ww,rdr_front_door,res_main_gate,usr_002,Diana:Prince,DENIED
2025-12-30,星期二,15:53:32,bdg_sup,rdr_lab_entry,res_lab_door,usr_003,Clark:Kent,DENIED
2025-12-30,星期二,15:53:33,bdg_ww,rdr_lab_entry,res_lab_door,usr_002,Diana:Prince,DENIED
2025-12-30,星期二,15:53:34,bdg_bat,rdr_coke_machine,res_vending_01,usr_001,Bruce:Wayne,DENIED
2025-12-30,星期二,15:53:35,bdg_sup,rdr_coke_machine,res_vending_01,usr_003,Clark:Kent,DENIED
2025-12-30,星期二,15:53:36,bdg_ww,rdr_lab_entry,res_lab_door,usr_002,Diana:Prince,DENIED
2025-12-30,星期二,15:53:37,bdg_sup,rdr_coke_machine,res_vending_01,usr_003,Clark:Kent,DENIED
2025-12-30,星期二,15:53:38,bdg_sup,rdr_coke_machine,res_vending_01,usr_003,Clark:Kent,DENIED
2025-12-30,星期二,15:53:39,bdg_ww,rdr_coke_machine,res_vending_01,usr_002,Diana:Prince,DENIED
2025-12-30,星期二,15:53:40,bdg_sup,rdr_coke_machine,res_vending_01,usr_003,Clark:Kent,DENIED
2025-12-30,星期二,15:53:41,bdg_sup,rdr_lab_entry,res_lab_door,usr_003,Clark:Kent,DENIED
2025-12-30,星期二,15:53:42,bdg_bat,rdr_front_door,res_main_gate,usr_001,Bruce:Wayne,DENIED
2025-12-30,星期二,15:53:43,bdg_bat,rdr_coke_machine,res_vending_01,usr_001,Bruce:Wayne,DENIED
2025-12-30,星期二,15:53:44,bdg_sup,rdr_front_door,res_main_gate,usr_003,Clark:Kent,DENIED
2025-12-30,星期二,15:53:45,bdg_ww,rdr_lab_entry,res_lab_door,usr_002,Diana:Prince,DENIED
2025-12-30,星期二,15:53:46,bdg_ww,rdr_front_door,res_main_gate,usr_002,Diana:Prince,DENIED
2025-12-30,星期二,15:53:47,bdg_ww,rdr_lab_entry,res_lab_door,usr_002,Diana:Prince,DENIED
2025-12-30,星期二,15:53:48,bdg_bat,rdr_lab_entry,res_lab_door,usr_001,Bruce:Wayne,DENIED
2025-12-30,星期二,15:53:49,bdg_ww,rdr_front_door,res_main_gate,usr_002,Diana:Prince,DENIED
2025-12-30,星期二,15:53:50,bdg_ww,rdr_coke_machine,res_vending_01,usr_002,Diana:Prince,DENIED
2025-12-30,星期二,15:53:51,bdg_bat,rdr_coke_machine,res_vending_01,usr_001,Bruce:Wayne,DENIED
2025-12-30,星期二,15:53:52,bdg_bat,rdr_coke_machine,res_vending_01,usr_001,Bruce:Wayne,DENIED
2025-12-30,星期二,15:53:53,bdg_ww,rdr_coke_machine,res_vending_01,usr_002,Diana:Prince,DENIED
2025-12-30,星期二,15:53:54,bdg_sup,rdr_front_door,res_main_gate,usr_003,Clark:Kent,DENIED
2025-12-30,星期二,15:53:55,bdg_bat,rdr_lab_entry,res_lab_door,usr_001,Bruce:Wayne,DENIED
2025-12-30,星期二,15:53:56,bdg_bat,rdr_front_door,res_main_gate,usr_001,Bruce:Wayne,DENIED
2025-12-30,星期二,15:53:57,bdg_ww,rdr_front_door,res_main_gate,usr_002,Diana:Prince,DENIED
2025-12-30,星期二,15:53:58,bdg_sup,rdr_front_door,res_main_gate,usr_003,Clark:Kent,DENIED
2025-12-30,星期二,15:53:59,bdg_sup,rdr_lab_entry,res_lab_door,usr_003,Clark:Kent,DENIED
2025-12-30,星期二,15:54:00,bdg_ww,rdr_coke_machine,res_vending_01,usr_002,Diana:Prince,DENIED
2025-12-30,星期二,15:54:01,bdg_sup,rdr_coke_machine,res_vending_01,usr_003,Clark:Kent,DENIED
2025-12-30,星期二,15:54:02,bdg_ww,rdr_lab_entry,res_lab_door,usr_002,Diana:Prince,DENIED
2025-12-30,星期二,15:54:03,bdg_bat,rdr_coke_machine,res_vending_01,usr_001,Bruce:Wayne,DENIED
2025-12-30,星期二,15:54:04,bdg_ww,rdr_front_door,res_main_gate,usr_002,Diana:Prince,DENIED
2025-12-30,星期二,15:54:05,bdg_sup,rdr_coke_machine,res_vending_01,usr_003,Clark:Kent,DENIED
2025-12-30,星期二,15:54:06,bdg_bat,rdr_front_door,res_main_gate,usr_001,Bruce:Wayne,DENIED
2025-12-30,星期二,15:54:07,bdg_sup,rdr_front_door,res_main_gate,usr_003,Clark:Kent,DENIED
2025-12-30,星期二,15:54:08,bdg_sup,rdr_lab_entry,res_lab_door,usr_003,Clark:Kent,DENIED
2025-12-30,星期二,15:54:09,bdg_ww,rdr_lab_entry,res_lab_door,usr_002,Diana:Prince,DENIED
2025-12-30,星期二,15:54:10,bdg_bat,rdr_front_door,res_main_gate,usr_001,Bruce:Wayne,DENIED
2025-12-30,星期二,15:54:11,bdg_sup,rdr_front_door,res_main_gate,usr_003,Clark:Kent,DENIED
2025-12-30,星期二,15:54:12,bdg_bat,rdr_coke_machine,res_vending_01,usr_001,Bruce:Wayne,DENIED
2025-12-30,星期二,15:54:13,bdg_ww,rdr_lab_entry,res_lab_door,usr_002,Diana:Prince,DENIED
2025-12-30,星期二,15:54:14,bdg_sup,rdr_front_door,res_main_gate,usr_003,Clark:Kent,DENIED
2025-12-30,星期二,15:54:15,bdg_sup,rdr_coke_machine,res_vending_01,usr_003,Clark:Kent,DENIED
2025-12-30,星期二,15:54:16,bdg_bat,rdr_lab_entry,res_lab_door,usr_001,Bruce:Wayne,DENIED
2025-12-30,星期二,15:54:17,bdg_bat,rdr_front_door,res_main_gate,usr_001,Bruce:Wayne,DENIED
2025-12-30,星期二,15:54:18,bdg_bat,rdr_front_door,res_main_gate,usr_001,Bruce:Wayne,DENIED
2025-12-30,星期二,15:54:19,bdg_ww,rdr_front_door,res_main_gate,usr_002,Diana:Prince,DENIED
2025-12-30,星期二,15:54:20,bdg_ww,rdr_coke_machine,res_vending_01,usr_002,Diana:Prince,DENIED
2025-12-30,星期二,15:54:21,bdg_ww,rdr_lab_entry,res_lab_door,usr_002,Diana:Prince,DENIED
2025-12-30,星期二,15:54:22,bdg_ww,rdr_coke_machine,res_vending_01,usr_002,Diana:Prince,DENIED
2025-12-30,星期二,15:54:23,bdg_sup,rdr_front_door,res_main_gate,usr_003,Clark:Kent,DENIED
2025-12-30,星期二,15:54:24,bdg_ww,rdr_front_door,res_main_gate,usr_002,Diana:Prince,DENIED
2025-12-30,星期二,15:54:25,bdg_bat,rdr_lab_entry,res_lab_door,usr_001,Bruce:Wayne,DENIED
2025-12-30,星期二,15:54:26,bdg_ww,rdr_lab_entry,res_lab_door,usr_002,Diana:Prince,DENIED
2025-12-30,星期二,15:54:27,bdg_bat,rdr_front_door,res_main_gate,usr_001,Bruce:Wayne,DENIED
2025-12-30,星期二,15:54:28,bdg_bat,rdr_lab_entry,res_lab_door,usr_001,Bruce:Wayne,DENIED
2025-12-30,星期二,15:54:29,bdg_ww,rdr_coke_machine,res_vending_01,usr_002,Diana:Prince,DENIED
2025-12-30,星期二,15:54:30,bdg_bat,rdr_lab_entry,res_lab_door,usr_001,Bruce:Wayne,DENIED
2025-12-30,星期二,15:54:31,bdg_bat,rdr_lab_entry,res_lab_door,usr_001,Bruce:Wayne,DENIED
2025-12-30,星期二,15:54:32,bdg_sup,rdr_lab_entry,res_lab_door,usr_003,Clark:Kent,DENIED
2025-12-30,星期二,15:54:33,bdg_sup,rdr_lab_entry,res_lab_door,usr_003,Clark:Kent,DENIED
2025-12-30,星期二,15:54:34,bdg_sup,rdr_coke_machine,res_vending_01,usr_003,Clark:Kent,DENIED
2025-12-30,星期二,15:54:35,bdg_sup,rdr_front_door,res_main_gate,usr_003,Clark:Kent,DENIED
2025-12-30,星期二,15:54:36,bdg_sup,rdr_lab_entry,res_lab_door,usr_003,Clark:Kent,DENIED
2025-12-30,星期二,15:54:37,bdg_ww,rdr_front_door,res_main_gate,usr_002,Diana:Prince,DENIED
2025-12-30,星期二,15:54:38,bdg_ww,rdr_front_door,res_main_gate,usr_002,Diana:Prince,DENIED
2025-12-30,星期二,15:54:47,bdg_bat,rdr_lab_entry,res_lab_door,usr_001,Bruce:Wayne,DENIED
2025-12-30,星期二,15:54:48,bdg_sup,rdr_front_door,res_main_gate,usr_003,Clark:Kent,DENIED
2025-12-30,星期二,15:54:49,bdg_bat,rdr_coke_machine,res_vending_01,usr_001,Bruce:Wayne,DENIED
2025-12-30,星期二,15:54:50,bdg_bat,rdr_front_door,res_main_gate,usr_001,Bruce:Wayne,DENIED
2025-12-30,星期二,15:54:51,bdg_bat,rdr_front_door,res_main_gate,usr_001,Bruce:Wayne,DENIED
2025-12-30,星期二,15:54:52,bdg_sup,rdr_coke_machine,res_vending_01,usr_003,Clark:Kent,DENIED
2025-12-30,星期二,15:54:53,bdg_sup,rdr_lab_entry,res_lab_door,usr_003,Clark:Kent,DENIED
2025-12-30,星期二,15:54:54,bdg_sup,rdr_front_door,res_main_gate,usr_003,Clark:Kent,DENIED
2025-12-30,星期二,15:54:55,bdg_ww,rdr_lab_entry,res_lab_door,usr_002,Diana:Prince,DENIED
2025-12-30,星期二,15:54:56,bdg_ww,rdr_front_door,res_main_gate,usr_002,Diana:Prince,DENIED
2025-12-30,星期二,15:54:57,bdg_bat,rdr_front_door,res_main_gate,usr_001,Bruce:Wayne,DENIED
2025-12-30,星期二,15:54:58,bdg_bat,rdr_coke_machine,res_vending_01,usr_001,Bruce:Wayne,DENIED
2025-12-30,星期二,15:54:58,bdg_sup,rdr_coke_machine,res_vending_01,usr_003,Clark:Kent,DENIED
2025-12-30,星期二,15:54:59,bdg_sup,rdr_coke_machine,res_vending_01,usr_003,Clark:Kent,DENIED
2025-12-30,星期二,15:55:00,bdg_sup,rdr_lab_entry,res_lab_door,usr_003,Clark:Kent,DENIED
2025-12-30,星期二,15:55:01,bdg_sup,rdr_lab_entry,res_lab_door,usr_003,Clark:Kent,DENIED
2025-12-30,星期二,15:55:02,bdg_bat,rdr_lab_entry,res_lab_door,usr_001,Bruce:Wayne,DENIED
2025-12-30,星期二,15:55:03,bdg_sup,rdr_coke_machine,res_vending_01,usr_003,Clark:Kent,DENIED
2025-12-30,星期二,15:55:04,bdg_ww,rdr_coke_machine,res_vending_01,usr_002,Diana:Prince,DENIED
2025-12-30,星期二,15:55:05,bdg_sup,rdr_coke_machine,res_vending_01,usr_003,Clark:Kent,DENIED
2025-12-30,星期二,15:55:06,bdg_ww,rdr_front_door,res_main_gate,usr_002,Diana:Prince,DENIED
2025-12-30,星期二,15:55:07,bdg_bat,rdr_front_door,res_main_gate,usr_001,Bruce:Wayne,DENIED
2025-12-30,星期二,15:55:08,bdg_bat,rdr_coke_machine,res_vending_01,usr_001,Bruce:Wayne,DENIED
2025-12-30,星期二,15:55:09,bdg_ww,rdr_front_door,res_main_gate,usr_002,Diana:Prince,DENIED
2025-12-30,星期二,15:55:10,bdg_bat,rdr_coke_machine,res_vending_01,usr_001,Bruce:Wayne,DENIED
2025-12-30,星期二,15:55:11,bdg_bat,rdr_front_door,res_main_gate,usr_001,Bruce:Wayne,DENIED
2025-12-30,星期二,15:55:12,bdg_ww,rdr_lab_entry,res_lab_door,usr_002,Diana:Prince,DENIED
2025-12-30,星期二,15:55:13,bdg_sup,rdr_lab_entry,res_lab_door,usr_003,Clark:Kent,DENIED
2025-12-30,星期二,15:55:14,bdg_sup,rdr_lab_entry,res_lab_door,usr_003,Clark:Kent,DENIED
2025-12-30,星期二,15:55:15,bdg_bat,rdr_front_door,res_main_gate,usr_001,Bruce:Wayne,DENIED
2025-12-30,星期二,15:55:16,bdg_bat,rdr_lab_entry,res_lab_door,usr_001,Bruce:Wayne,DENIED
2025-12-30,星期二,15:55:17,bdg_ww,rdr_front_door,res_main_gate,usr_002,Diana:Prince,DENIED
2025-12-30,星期二,15:55:18,bdg_sup,rdr_coke_machine,res_vending_01,usr_003,Clark:Kent,DENIED
2025-12-30,星期二,15:55:19,bdg_sup,rdr_front_door,res_main_gate,usr_003,Clark:Kent,DENIED
2025-12-30,星期二,15:55:20,bdg_bat,rdr_coke_machine,res_vending_01,usr_001,Bruce:Wayne,DENIED
2025-12-30,星期二,15:55:21,bdg_ww,rdr_lab_entry,res_lab_door,usr_002,Diana:Prince,DENIED
2025-12-30,星期二,15:55:22,bdg_ww,rdr_coke_machine,res_vending_01,usr_002,Diana:Prince,DENIED
2025-12-30,星期二,15:55:23,bdg_bat,rdr_lab_entry,res_lab_door,usr_001,Bruce:Wayne,DENIED
2025-12-30,星期二,15:55:24,bdg_ww,rdr_front_door,res_main_gate,usr_002,Diana:Prince,DENIED
2025-12-30,星期二,15:55:25,bdg_sup,rdr_coke_machine,res_vending_01,usr_003,Clark:Kent,DENIED
2025-12-30,星期二,15:55:26,bdg_bat,rdr_coke_machine,res_vending_01,usr_001,Bruce:Wayne,DENIED
2025-12-30,星期二,15:55:27,bdg_sup,rdr_lab_entry,res_lab_door,usr_003,Clark:Kent,DENIED
2025-12-30,星期二,15:55:28,bdg_ww,rdr_coke_machine,res_vending_01,usr_002,Diana:Prince,DENIED
2025-12-30,星期二,15:55:29,bdg_sup,rdr_front_door,res_main_gate,usr_003,Clark:Kent,DENIED
2025-12-30,星期二,15:55:30,bdg_ww,rdr_lab_entry,res_lab_door,usr_002,Diana:Prince,DENIED
2025-12-30,星期二,15:55:31,bdg_sup,rdr_coke_machine,res_vending_01,usr_003,Clark:Kent,DENIED
2025-12-30,星期二,15:55:32,bdg_sup,rdr_coke_machine,res_vending_01,usr_003,Clark:Kent,DENIED
2025-12-30,星期二,15:55:33,bdg_sup,rdr_lab_entry,res_lab_door,usr_003,Clark:Kent,DENIED
2025-12-30,星期二,15:55:34,bdg_bat,rdr_front_door,res_main_gate,usr_001,Bruce:Wayne,DENIED
2025-12-30,星期二,15:55:35,bdg_ww,rdr_front_door,res_main_gate,usr_002,Diana:Prince,DENIED
2025-12-30,星期二,15:55:36,bdg_ww,rdr_front_door,res_main_gate,usr_002,Diana:Prince,DENIED
2025-12-30,星期二,15:55:37,bdg_ww,rdr_coke_machine,res_vending_01,usr_002,Diana:Prince,DENIED
2025-12-30,星期二,15:55:38,bdg_sup,rdr_lab_entry,res_lab_door,usr_003,Clark:Kent,DENIED
2025-12-30,星期二,15:55:39,bdg_bat,rdr_front_door,res_main_gate,usr_001,Bruce:Wayne,DENIED
2025-12-30,星期二,15:55:40,bdg_ww,rdr_front_door,res_main_gate,usr_002,Diana:Prince,DENIED
2025-12-30,星期二,15:55:41,bdg_sup,rdr_coke_machine,res_vending_01,usr_003,Clark:Kent,DENIED
2025-12-30,星期二,15:55:42,bdg_bat,rdr_front_door,res_main_gate,usr_001,Bruce:Wayne,DENIED
2025-12-30,星期二,15:55:43,bdg_ww,rdr_lab_entry,res_lab_door,usr_002,Diana:Prince,DENIED
2025-12-30,星期二,15:55:44,bdg_bat,rdr_lab_entry,res_lab_door,usr_001,Bruce:Wayne,DENIED
2025-12-30,星期二,15:55:45,bdg_sup,rdr_front_door,res_main_gate,usr_003,Clark:Kent,DENIED
2025-12-30,星期二,15:55:46,bdg_ww,rdr_coke_machine,res_vending_01,usr_002,Diana:Prince,DENIED
2025-12-30,星期二,15:55:47,bdg_bat,rdr_lab_entry,res_lab_door,usr_001,Bruce:Wayne,DENIED
2025-12-30,星期二,15:55:48,bdg_bat,rdr_lab_entry,res_lab_door,usr_001,Bruce:Wayne,DENIED
2025-12-30,星期二,15:55:49,bdg_sup,rdr_front_door,res_main_gate,usr_003,Clark:Kent,DENIED
2025-12-30,星期二,15:55:50,bdg_ww,rdr_front_door,res_main_gate,usr_002,Diana:Prince,DENIED
2025-12-30,星期二,15:55:51,bdg_sup,rdr_front_door,res_main_gate,usr_003,Clark:Kent,DENIED
2025-12-30,星期二,15:55:52,bdg_bat,rdr_front_door,res_main_gate,usr_001,Bruce:Wayne,DENIED
2025-12-30,星期二,15:55:53,bdg_bat,rdr_lab_entry,res_lab_door,usr_001,Bruce:Wayne,DENIED
2025-12-30,星期二,15:55:54,bdg_bat,rdr_front_door,res_main_gate,usr_001,Bruce:Wayne,DENIED
2025-12-30,星期二,15:55:55,bdg_sup,rdr_front_door,res_main_gate,usr_003,Clark:Kent,DENIED
2025-12-30,星期二,15:55:56,bdg_bat,rdr_lab_entry,res_lab_door,usr_001,Bruce:Wayne,DENIED
2025-12-30,星期二,15:55:57,bdg_bat,rdr_lab_entry,res_lab_door,usr_001,Bruce:Wayne,DENIED
2025-12-30,星期二,15:55:58,bdg_bat,rdr_front_door,res_main_gate,usr_001,Bruce:Wayne,DENIED
2025-12-30,星期二,15:55:59,bdg_sup,rdr_lab_entry,res_lab_door,usr_003,Clark:Kent,DENIED
2025-12-30,星期二,15:56:00,bdg_bat,rdr_coke_machine,res_vending_01,usr_001,Bruce:Wayne,DENIED
2025-12-30,星期二,15:56:01,bdg_bat,rdr_lab_entry,res_lab_door,usr_001,Bruce:Wayne,DENIED
2025-12-30,星期二,15:56:02,bdg_ww,rdr_front_door,res_main_gate,usr_002,Diana:Prince,DENIED
2025-12-30,星期二,15:56:03,bdg_sup,rdr_front_door,res_main_gate,usr_003,Clark:Kent,DENIED
2025-12-30,星期二,15:56:04,bdg_bat,rdr_coke_machine,res_vending_01,usr_001,Bruce:Wayne,DENIED
2025-12-30,星期二,15:56:05,bdg_sup,rdr_lab_entry,res_lab_door,usr_003,Clark:Kent,DENIED
2025-12-30,星期二,15:56:06,bdg_ww,rdr_front_door,res_main_gate,usr_002,Diana:Prince,DENIED
2025-12-30,星期二,15:56:07,bdg_ww,rdr_lab_entry,res_lab_door,usr_002,Diana:Prince,DENIED
2025-12-30,星期二,15:56:08,bdg_ww,rdr_front_door,res_main_gate,usr_002,Diana:Prince,DENIED
2025-12-30,星期二,15:56:09,bdg_sup,rdr_front_door,res_main_gate,usr_003,Clark:Kent,DENIED
2025-12-30,星期二,15:56:10,bdg_bat,rdr_lab_entry,res_lab_door,usr_001,Bruce:Wayne,DENIED
2025-12-30,星期二,15:56:11,bdg_ww,rdr_coke_machine,res_vending_01,usr_002,Diana:Prince,DENIED
2025-12-30,星期二,15:56:12,bdg_bat,rdr_lab_entry,res_lab_door,usr_001,Bruce:Wayne,DENIED
2025-12-30,星期二,15:56:13,bdg_sup,rdr_lab_entry,res_lab_door,usr_003,Clark:Kent,DENIED
2025-12-30,星期二,15:56:14,bdg_bat,rdr_front_door,res_main_gate,usr_001,Bruce:Wayne,DENIED
2025-12-30,星期二,15:56:15,bdg_sup,rdr_coke_machine,res_vending_01,usr_003,Clark:Kent,DENIED
2025-12-30,星期二,15:56:16,bdg_sup,rdr_coke_machine,res_vending_01,usr_003,Clark:Kent,DENIED
2025-12-30,星期二,15:56:17,bdg_sup,rdr_lab_entry,res_lab_door,usr_003,Clark:Kent,DENIED
2025-12-30,星期二,15:56:18,bdg_ww,rdr_lab_entry,res_lab_door,usr_002,Diana:Prince,DENIED
2025-12-30,星期二,15:56:19,bdg_bat,rdr_lab_entry,res_lab_door,usr_001,Bruce:Wayne,DENIED
2025-12-30,星期二,15:56:20,bdg_bat,rdr_coke_machine,res_vending_01,usr_001,Bruce:Wayne,GRANTED
2025-12-30,星期二,15:56:21,bdg_ww,rdr_lab_entry,res_lab_door,usr_002,Diana:Prince,DENIED
2025-12-30,星期二,15:56:22,bdg_bat,rdr_front_door,res_main_gate,usr_001,Bruce:Wayne,DENIED
2025-12-30,星期二,15:56:23,bdg_bat,rdr_front_door,res_main_gate,usr_001,Bruce:Wayne,DENIED
2025-12-30,星期二,15:56:24,bdg_bat,rdr_coke_machine,res_vending_01,usr_001,Bruce:Wayne,DENIED
2025-12-30,星期二,15:56:25,bdg_ww,rdr_front_door,res_main_gate,usr_002,Diana:Prince,DENIED
2025-12-30,星期二,15:56:26,bdg_bat,rdr_coke_machine,res_vending_01,usr_001,Bruce:Wayne,DENIED
2025-12-30,星期二,15:56:27,bdg_ww,rdr_lab_entry,res_lab_door,usr_002,Diana:Prince,DENIED
2025-12-30,星期二,15:56:28,bdg_sup,rdr_front_door,res_main_gate,usr_003,Clark:Kent,DENIED
2025-12-30,星期二,15:56:29,bdg_bat,rdr_front_door,res_main_gate,usr_001,Bruce:Wayne,DENIED
2025-12-30,星期二,15:56:30,bdg_ww,rdr_coke_machine,res_vending_01,usr_002,Diana:Prince,GRANTED
2025-12-30,星期二,15:56:31,bdg_sup,rdr_lab_entry,res_lab_door,usr_003,Clark:Kent,DENIED
2025-12-30,星期二,15:56:32,bdg_bat,rdr_coke_machine,res_vending_01,usr_001,Bruce:Wayne,DENIED
2025-12-30,星期二,15:56:33,bdg_ww,rdr_coke_machine,res_vending_01,usr_002,Diana:Prince,GRANTED
2025-12-30,星期二,15:56:34,bdg_ww,rdr_coke_machine,res_vending_01,usr_002,Diana:Prince,GRANTED
2025-12-30,星期二,15:56:35,bdg_bat,rdr_front_door,res_main_gate,usr_001,Bruce:Wayne,DENIED
2025-12-30,星期二,15:56:36,bdg_sup,rdr_front_door,res_main_gate,usr_003,Clark:Kent,DENIED
2025-12-30,星期二,15:56:37,bdg_bat,rdr_front_door,res_main_gate,usr_001,Bruce:Wayne,DENIED
2025-12-30,星期二,15:56:38,bdg_bat,rdr_front_door,res_main_gate,usr_001,Bruce:Wayne,DENIED
2025-12-30,星期二,15:56:39,bdg_bat,rdr_front_door,res_main_gate,usr_001,Bruce:Wayne,DENIED
2025-12-30,星期二,15:56:40,bdg_ww,rdr_lab_entry,res_lab_door,usr_002,Diana:Prince,DENIED
2025-12-30,星期二,15:56:41,bdg_bat,rdr_front_door,res_main_gate,usr_001,Bruce:Wayne,DENIED
2025-12-30,星期二,15:56:42,bdg_sup,rdr_lab_entry,res_lab_door,usr_003,Clark:Kent,DENIED
2025-12-30,星期二,15:56:43,bdg_bat,rdr_front_door,res_main_gate,usr_001,Bruce:Wayne,DENIED
2025-12-30,星期二,15:56:44,bdg_bat,rdr_lab_entry,res_lab_door,usr_001,Bruce:Wayne,DENIED
2025-12-30,星期二,15:56:45,bdg_ww,rdr_lab_entry,res_lab_door,usr_002,Diana:Prince,DENIED
2025-12-30,星期二,15:56:46,bdg_bat,rdr_coke_machine,res_vending_01,usr_001,Bruce:Wayne,DENIED
2025-12-30,星期二,15:56:47,bdg_sup,rdr_front_door,res_main_gate,usr_003,Clark:Kent,DENIED
2025-12-30,星期二,15:56:48,bdg_sup,rdr_lab_entry,res_lab_door,usr_003,Clark:Kent,DENIED
2025-12-30,星期二,15:56:49,bdg_bat,rdr_front_door,res_main_gate,usr_001,Bruce:Wayne,DENIED
2025-12-30,星期二,15:56:50,bdg_sup,rdr_lab_entry,res_lab_door,usr_003,Clark:Kent,DENIED
2025-12-30,星期二,15:56:51,bdg_ww,rdr_lab_entry,res_lab_door,usr_002,Diana:Prince,DENIED
2025-12-30,星期二,15:56:52,bdg_bat,rdr_coke_machine,res_vending_01,usr_001,Bruce:Wayne,DENIED
2025-12-30,星期二,15:56:53,bdg_sup,rdr_coke_machine,res_vending_01,usr_003,Clark:Kent,DENIED
2025-12-30,星期二,15:56:54,bdg_sup,rdr_lab_entry,res_lab_door,usr_003,Clark:Kent,DENIED
2025-12-30,星期二,15:56:55,bdg_ww,rdr_coke_machine,res_vending_01,usr_002,Diana:Prince,DENIED
2025-12-30,星期二,15:56:56,bdg_ww,rdr_front_door,res_main_gate,usr_002,Diana:Prince,DENIED
2025-12-30,星期二,15:56:57,bdg_ww,rdr_lab_entry,res_lab_door,usr_002,Diana:Prince,DENIED
2025-12-30,星期二,15:56:58,bdg_ww,rdr_lab_entry,res_lab_door,usr_002,Diana:Prince,DENIED
2025-12-30,星期二,15:56:59,bdg_bat,rdr_front_door,res_main_gate,usr_001,Bruce:Wayne,DENIED
2025-12-30,星期二,15:57:00,bdg_bat,rdr_lab_entry,res_lab_door,usr_001,Bruce:Wayne,DENIED
2025-12-30,星期二,15:57:01,bdg_ww,rdr_coke_machine,res_vending_01,usr_002,Diana:Prince,DENIED
2025-12-30,星期二,15:57:02,bdg_bat,rdr_lab_entry,res_lab_door,usr_001,Bruce:Wayne,DENIED
2025-12-30,星期二,15:57:03,bdg_ww,rdr_front_door,res_main_gate,usr_002,Diana:Prince,DENIED
2025-12-30,星期二,15:57:04,bdg_sup,rdr_front_door,res_main_gate,usr_003,Clark:Kent,DENIED
2025-12-30,星期二,15:57:05,bdg_bat,rdr_lab_entry,res_lab_door,usr_001,Bruce:Wayne,DENIED
2025-12-30,星期二,15:57:06,bdg_bat,rdr_lab_entry,res_lab_door,usr_001,Bruce:Wayne,DENIED
2025-12-30,星期二,15:57:07,bdg_bat,rdr_front_door,res_main_gate,usr_001,Bruce:Wayne,DENIED
2025-12-30,星期二,15:57:08,bdg_bat,rdr_lab_entry,res_lab_door,usr_001,Bruce:Wayne,DENIED
2025-12-30,星期二,15:57:09,bdg_sup,rdr_coke_machine,res_vending_01,usr_003,Clark:Kent,DENIED
2025-12-30,星期二,15:57:10,bdg_bat,rdr_coke_machine,res_vending_01,usr_001,Bruce:Wayne,DENIED
2025-12-30,星期二,15:57:11,bdg_ww,rdr_lab_entry,res_lab_door,usr_002,Diana:Prince,DENIED
2025-12-30,星期二,15:57:12,bdg_ww,rdr_front_door,res_main_gate,usr_002,Diana:Prince,DENIED
2025-12-30,星期二,15:57:13,bdg_ww,rdr_coke_machine,res_vending_01,usr_002,Diana:Prince,DENIED
2025-12-30,星期二,15:57:14,bdg_ww,rdr_coke_machine,res_vending_01,usr_002,Diana:Prince,DENIED
2025-12-30,星期二,15:57:15,bdg_sup,rdr_front_door,res_main_gate,usr_003,Clark:Kent,DENIED
2025-12-30,星期二,15:57:16,bdg_ww,rdr_lab_entry,res_lab_door,usr_002,Diana:Prince,DENIED
2025-12-30,星期二,15:57:17,bdg_bat,rdr_lab_entry,res_lab_door,usr_001,Bruce:Wayne,DENIED
2025-12-30,星期二,15:57:18,bdg_ww,rdr_front_door,res_main_gate,usr_002,Diana:Prince,DENIED
2025-12-30,星期二,15:57:19,bdg_ww,rdr_front_door,res_main_gate,usr_002,Diana:Prince,DENIED
2025-12-30,星期二,15:57:20,bdg_bat,rdr_lab_entry,res_lab_door,usr_001,Bruce:Wayne,DENIED
2025-12-30,星期二,15:57:21,bdg_ww,rdr_lab_entry,res_lab_door,usr_002,Diana:Prince,DENIED
2025-12-30,星期二,15:57:22,bdg_bat,rdr_coke_machine,res_vending_01,usr_001,Bruce:Wayne,DENIED
2025-12-30,星期二,15:57:23,bdg_bat,rdr_coke_machine,res_vending_01,usr_001,Bruce:Wayne,DENIED
2025-12-30,星期二,15:57:24,bdg_ww,rdr_front_door,res_main_gate,usr_002,Diana:Prince,DENIED
2025-12-30,星期二,15:58:46,bdg_ww,rdr_lab_entry,res_lab_door,usr_002,Diana:Prince,DENIED
2025-12-30,星期二,15:58:47,bdg_sup,rdr_front_door,res_main_gate,usr_003,Clark:Kent,DENIED
2025-12-30,星期二,15:58:48,bdg_ww,rdr_lab_entry,res_lab_door,usr_002,Diana:Prince,DENIED
2025-12-30,星期二,15:58:49,bdg_sup,rdr_lab_entry,res_lab_door,usr_003,Clark:Kent,DENIED
2025-12-30,星期二,15:58:50,bdg_bat,rdr_lab_entry,res_lab_door,usr_001,Bruce:Wayne,DENIED
2025-12-30,星期二,15:58:51,bdg_bat,rdr_lab_entry,res_lab_door,usr_001,Bruce:Wayne,DENIED
2025-12-30,星期二,15:58:52,bdg_ww,rdr_lab_entry,res_lab_door,usr_002,Diana:Prince,DENIED
2025-12-30,星期二,15:58:53,bdg_bat,rdr_coke_machine,res_vending_01,usr_001,Bruce:Wayne,DENIED
2025-12-30,星期二,15:58:54,bdg_bat,rdr_front_door,res_main_gate,usr_001,Bruce:Wayne,GRANTED
2025-12-30,星期二,15:58:55,bdg_sup,rdr_coke_machine,res_vending_01,usr_003,Clark:Kent,DENIED
2025-12-30,星期二,15:58:56,bdg_ww,rdr_front_door,res_main_gate,usr_002,Diana:Prince,GRANTED
2025-12-30,星期二,15:58:57,bdg_sup,rdr_lab_entry,res_lab_door,usr_003,Clark:Kent,DENIED
2025-12-30,星期二,15:58:58,bdg_bat,rdr_coke_machine,res_vending_01,usr_001,Bruce:Wayne,DENIED
2025-12-30,星期二,15:58:59,bdg_ww,rdr_coke_machine,res_vending_01,usr_002,Diana:Prince,DENIED
2025-12-30,星期二,15:59:00,bdg_sup,rdr_lab_entry,res_lab_door,usr_003,Clark:Kent,DENIED
2025-12-30,星期二,15:59:01,bdg_bat,rdr_coke_machine,res_vending_01,usr_001,Bruce:Wayne,DENIED
2025-12-30,星期二,15:59:02,bdg_sup,rdr_coke_machine,res_vending_01,usr_003,Clark:Kent,DENIED
2025-12-30,星期二,15:59:03,bdg_bat,rdr_front_door,res_main_gate,usr_001,Bruce:Wayne,GRANTED
2025-12-30,星期二,15:59:04,bdg_bat,rdr_lab_entry,res_lab_door,usr_001,Bruce:Wayne,GRANTED
2025-12-30,星期二,15:59:05,bdg_sup,rdr_front_door,res_main_gate,usr_003,Clark:Kent,DENIED
2025-12-30,星期二,16:02:34,bdg_sup,rdr_front_door,res_main_gate,usr_003,Clark:Kent,DENIED
2025-12-30,星期二,16:02:35,bdg_bat,rdr_coke_machine,res_vending_01,usr_001,Bruce:Wayne,DENIED
2025-12-30,星期二,16:02:36,bdg_ww,rdr_front_door,res_main_gate,usr_002,Diana:Prince,GRANTED
2025-12-30,星期二,16:02:37,bdg_ww,rdr_coke_machine,res_vending_01,usr_002,Diana:Prince,DENIED
2025-12-30,星期二,16:02:38,bdg_ww,rdr_coke_machine,res_vending_01,usr_002,Diana:Prince,DENIED
2025-12-30,星期二,16:02:39,bdg_sup,rdr_front_door,res_main_gate,usr_003,Clark:Kent,DENIED
2025-12-30,星期二,16:02:40,bdg_ww,rdr_lab_entry,res_lab_door,usr_002,Diana:Prince,DENIED
2025-12-30,星期二,16:02:41,bdg_ww,rdr_front_door,res_main_gate,usr_002,Diana:Prince,GRANTED
2025-12-30,星期二,16:02:42,bdg_sup,rdr_coke_machine,res_vending_01,usr_003,Clark:Kent,DENIED
2025-12-30,星期二,16:02:43,bdg_bat,rdr_coke_machine,res_vending_01,usr_001,Bruce:Wayne,DENIED
2025-12-30,星期二,16:02:44,bdg_ww,rdr_lab_entry,res_lab_door,usr_002,Diana:Prince,DENIED
2025-12-30,星期二,16:02:45,bdg_sup,rdr_coke_machine,res_vending_01,usr_003,Clark:Kent,DENIED
2025-12-30,星期二,16:02:46,bdg_ww,rdr_coke_machine,res_vending_01,usr_002,Diana:Prince,DENIED
2025-12-30,星期二,16:02:47,bdg_sup,rdr_front_door,res_main_gate,usr_003,Clark:Kent,DENIED
2025-12-30,星期二,16:02:48,bdg_ww,rdr_coke_machine,res_vending_01,usr_002,Diana:Prince,DENIED
2025-12-30,星期二,16:02:49,bdg_bat,rdr_coke_machine,res_vending_01,usr_001,Bruce:Wayne,DENIED
2025-12-30,星期二,16:02:50,bdg_ww,rdr_coke_machine,res_vending_01,usr_002,Diana:Prince,DENIED
2025-12-30,星期二,16:02:51,bdg_bat,rdr_lab_entry,res_lab_door,usr_001,Bruce:Wayne,GRANTED
2025-12-30,星期二,16:02:52,bdg_sup,rdr_lab_entry,res_lab_door,usr_003,Clark:Kent,DENIED
2025-12-30,星期二,16:02:53,bdg_bat,rdr_lab_entry,res_lab_door,usr_001,Bruce:Wayne,GRANTED
2025-12-30,星期二,16:02:54,bdg_sup,rdr_lab_entry,res_lab_door,usr_003,Clark:Kent,DENIED
2025-12-30,星期二,16:02:55,bdg_sup,rdr_lab_entry,res_lab_door,usr_003,Clark:Kent,DENIED
2025-12-30,星期二,16:09:06,bdg_sup,rdr_front_door,res_main_gate,usr_003,Clark:Kent,DENIED
2025-12-30,星期二,16:09:07,bdg_ww,rdr_front_door,res_main_gate,usr_002,Diana:Prince,DENIED
2025-12-30,星期二,16:09:08,bdg_ww,rdr_coke_machine,res_vending_01,usr_002,Diana:Prince,DENIED
2025-12-30,星期二,16:09:09,bdg_bat,rdr_front_door,res_main_gate,usr_001,Bruce:Wayne,DENIED
2025-12-30,星期二,16:09:10,bdg_sup,rdr_coke_machine,res_vending_01,usr_003,Clark:Kent,DENIED
2025-12-30,星期二,16:09:11,bdg_sup,rdr_lab_entry,res_lab_door,usr_003,Clark:Kent,DENIED
2025-12-30,星期二,16:09:12,bdg_ww,rdr_coke_machine,res_vending_01,usr_002,Diana:Prince,DENIED
2025-12-30,星期二,16:09:13,bdg_ww,rdr_coke_machine,res_vending_01,usr_002,Diana:Prince,DENIED
2025-12-30,星期二,16:09:14,bdg_sup,rdr_coke_machine,res_vending_01,usr_003,Clark:Kent,DENIED
2025-12-30,星期二,16:09:15,bdg_sup,rdr_coke_machine,res_vending_01,usr_003,Clark:Kent,DENIED
2025-12-30,星期二,16:09:16,bdg_ww,rdr_front_door,res_main_gate,usr_002,Diana:Prince,DENIED
2025-12-30,星期二,16:09:17,bdg_sup,rdr_front_door,res_main_gate,usr_003,Clark:Kent,DENIED
2025-12-30,星期二,16:09:18,bdg_sup,rdr_lab_entry,res_lab_door,usr_003,Clark:Kent,DENIED
2025-12-30,星期二,16:09:19,bdg_ww,rdr_lab_entry,res_lab_door,usr_002,Diana:Prince,DENIED
2025-12-30,星期二,16:09:20,bdg_sup,rdr_lab_entry,res_lab_door,usr_003,Clark:Kent,DENIED
2025-12-30,星期二,16:09:21,bdg_bat,rdr_lab_entry,res_lab_door,usr_001,Bruce:Wayne,GRANTED
2025-12-30,星期二,16:09:22,bdg_ww,rdr_front_door,res_main_gate,usr_002,Diana:Prince,DENIED
2025-12-30,星期二,16:09:23,bdg_bat,rdr_lab_entry,res_lab_door,usr_001,Bruce:Wayne,GRANTED
2025-12-30,星期二,16:09:24,bdg_sup,rdr_front_door,res_main_gate,usr_003,Clark:Kent,DENIED
2025-12-30,星期二,16:09:25,bdg_sup,rdr_lab_entry,res_lab_door,usr_003,Clark:Kent,DENIED
2025-12-30,星期二,16:09:26,bdg_sup,rdr_lab_entry,res_lab_door,usr_003,Clark:Kent,DENIED
2025-12-30,星期二,16:09:27,bdg_ww,rdr_lab_entry,res_lab_door,usr_002,Diana:Prince,DENIED
2025-12-30,星期二,16:09:28,bdg_bat,rdr_coke_machine,res_vending_01,usr_001,Bruce:Wayne,DENIED
2025-12-30,星期二,16:09:29,bdg_bat,rdr_front_door,res_main_gate,usr_001,Bruce:Wayne,DENIED
2025-12-30,星期二,16:09:30,bdg_ww,rdr_front_door,res_main_gate,usr_002,Diana:Prince,DENIED
2025-12-30,星期二,16:09:31,bdg_sup,rdr_coke_machine,res_vending_01,usr_003,Clark:Kent,DENIED
2025-12-30,星期二,16:09:32,bdg_sup,rdr_coke_machine,res_vending_01,usr_003,Clark:Kent,DENIED
2025-12-30,星期二,16:09:33,bdg_bat,rdr_lab_entry,res_lab_door,usr_001,Bruce:Wayne,GRANTED
2025-12-30,星期二,16:09:34,bdg_sup,rdr_front_door,res_main_gate,usr_003,Clark:Kent,DENIED
2025-12-30,星期二,16:09:35,bdg_bat,rdr_front_door,res_main_gate,usr_001,Bruce:Wayne,DENIED
2025-12-30,星期二,16:09:36,bdg_sup,rdr_lab_entry,res_lab_door,usr_003,Clark:Kent,DENIED
2025-12-30,星期二,16:09:37,bdg_ww,rdr_coke_machine,res_vending_01,usr_002,Diana:Prince,DENIED
2025-12-30,星期二,16:09:38,bdg_ww,rdr_front_door,res_main_gate,usr_002,Diana:Prince,DENIED
2025-12-30,星期二,16:09:39,bdg_ww,rdr_coke_machine,res_vending_01,usr_002,Diana:Prince,DENIED
2025-12-30,星期二,16:09:40,bdg_sup,rdr_front_door,res_main_gate,usr_003,Clark:Kent,DENIED
2025-12-30,星期二,16:09:41,bdg_bat,rdr_front_door,res_main_gate,usr_001,Bruce:Wayne,DENIED
2025-12-30,星期二,16:09:42,bdg_bat,rdr_coke_machine,res_vending_01,usr_001,Bruce:Wayne,DENIED
2025-12-30,星期二,16:09:43,bdg_ww,rdr_front_door,res_main_gate,usr_002,Diana:Prince,DENIED
2025-12-30,星期二,16:09:44,bdg_ww,rdr_lab_entry,res_lab_door,usr_002,Diana:Prince,DENIED
2025-12-30,星期二,16:09:45,bdg_sup,rdr_coke_machine,res_vending_01,usr_003,Clark:Kent,DENIED
2025-12-30,星期二,16:09:46,bdg_sup,rdr_coke_machine,res_vending_01,usr_003,Clark:Kent,DENIED
2025-12-30,星期二,16:09:47,bdg_sup,rdr_front_door,res_main_gate,usr_003,Clark:Kent,DENIED
2025-12-30,星期二,16:10:51,bdg_bat,rdr_coke_machine,res_vending_01,usr_001,Bruce:Wayne,DENIED
2025-12-30,星期二,16:10:53,bdg_bat,rdr_coke_machine,res_vending_01,usr_001,Bruce:Wayne,DENIED
2025-12-30,星期二,16:10:59,bdg_bat,rdr_coke_machine,res_vending_01,usr_001,Bruce:Wayne,DENIED
2025-12-30,星期二,16:11:27,bdg_bat,rdr_front_door,res_main_gate,usr_001,Bruce:Wayne,DENIED
2025-12-30,星期二,16:11:30,bdg_bat,rdr_lab_entry,res_lab_door,usr_001,Bruce:Wayne,GRANTED
2025-12-30,星期二,16:32:07,bdg_ww,rdr_coke_machine,res_vending_01,usr_002,Diana:Prince,DENIED
2025-12-30,星期二,16:32:08,bdg_bat,rdr_lab_entry,res_lab_door,usr_001,Bruce:Wayne,DENIED
2025-12-30,星期二,16:32:09,bdg_sup,rdr_lab_entry,res_lab_door,usr_003,Clark:Kent,DENIED
2025-12-30,星期二,16:32:10,bdg_ww,rdr_lab_entry,res_lab_door,usr_002,Diana:Prince,DENIED
2025-12-30,星期二,16:32:11,bdg_ww,rdr_front_door,res_main_gate,usr_002,Diana:Prince,DENIED
2025-12-30,星期二,16:32:12,bdg_sup,rdr_lab_entry,res_lab_door,usr_003,Clark:Kent,DENIED
2025-12-30,星期二,16:32:13,bdg_ww,rdr_lab_entry,res_lab_door,usr_002,Diana:Prince,DENIED
2025-12-30,星期二,16:32:14,bdg_bat,rdr_lab_entry,res_lab_door,usr_001,Bruce:Wayne,DENIED
2025-12-30,星期二,16:32:15,bdg_bat,rdr_lab_entry,res_lab_door,usr_001,Bruce:Wayne,DENIED
2025-12-30,星期二,16:32:16,bdg_sup,rdr_lab_entry,res_lab_door,usr_003,Clark:Kent,DENIED
2025-12-30,星期二,16:32:17,bdg_bat,rdr_front_door,res_main_gate,usr_001,Bruce:Wayne,DENIED
2025-12-30,星期二,16:32:18,bdg_ww,rdr_lab_entry,res_lab_door,usr_002,Diana:Prince,DENIED
2025-12-30,星期二,16:32:19,bdg_bat,rdr_lab_entry,res_lab_door,usr_001,Bruce:Wayne,DENIED
2025-12-30,星期二,16:32:20,bdg_bat,rdr_lab_entry,res_lab_door,usr_001,Bruce:Wayne,DENIED
2025-12-30,星期二,16:32:21,bdg_sup,rdr_coke_machine,res_vending_01,usr_003,Clark:Kent,DENIED
