Date,DayOfWeek,Time,BadgeCode,ReaderCode,ResourceId,UserId,UserName,Result
2025-12-24,Wednesday,14:36:49,BX76Z541,BR59KA87,R7U39PL2,usr_001,Bruce:Wayne,GRANTED
2025-12-24,Wednesday,14:38:12,BD45K120,BR59KA88,R7U39PL3,usr_002,Diana:Prince,GRANTED
2025-12-24,Wednesday,14:40:05,BX76Z541,BR59KA87,R7U39PL2,usr_001,Bruce:Wayne,GRANTED
2025-12-24,Wednesday,14:42:33,BD45K120,BR59KA89,R7U39PL4,usr_003,Clark:Kent,DENIED
2025-12-24,Wednesday,15:15:22,BX76Z541,BR59KA88,R7U39PL3,usr_001,Bruce:Wayne,GRANTED
2025-12-24,Wednesday,16:05:10,BD45K120,BR59KA87,R7U39PL2,usr_002,Diana:Prince,GRANTED
2025-12-24,Wednesday,17:30:45,BX76Z541,BR59KA89,R7U39PL4,usr_001,Bruce:Wayne,DENIED
2025-12-24,Wednesday,18:20:11,BD45K120,BR59KA88,R7U39PL3,usr_002,Diana:Prince,GRANTED
