Date,DayOfWeek,Time,BadgeCode,ReaderCode,ResourceId,UserId,UserName,Result
2025-12-25,Thursday,09:15:33,BX76Z541,BR59KA87,R7U39PL2,usr_001,Bruce:Wayne,GRANTED
2025-12-25,Thursday,09:47:22,BD45K120,BR59KA88,R7U39PL3,usr_002,Diana:Prince,GRANTED
2025-12-25,Thursday,10:05:08,BX76Z541,BR59KA89,R7U39PL4,usr_001,Bruce:Wayne,GRANTED
2025-12-25,Thursday,11:30:44,BD45K120,BR59KA87,R7U39PL2,usr_002,Diana:Prince,DENIED
2025-12-25,Thursday,13:22:15,BX76Z541,BR59KA88,R7U39PL3,usr_001,Bruce:Wayne,GRANTED
2025-12-25,Thursday,14:10:52,BD45K120,BR59KA89,R7U39PL4,usr_002,Diana:Prince,GRANTED
