Date,DayOfWeek,Time,BadgeCode,ReaderCode,ResourceId,UserId,UserName,Result
2025-12-26,Friday,08:45:19,BX76Z541,BR59KA87,R7U39PL2,usr_001,Bruce:Wayne,GRANTED
2025-12-26,Friday,09:20:47,BD45K120,BR59KA88,R7U39PL3,usr_002,Diana:Prince,GRANTED
2025-12-26,Friday,09:55:33,BX76Z541,BR59KA89,R7U39PL4,usr_001,Bruce:Wayne,DENIED
2025-12-26,Friday,10:30:12,BD45K120,BR59KA87,R7U39PL2,usr_002,Diana:Prince,GRANTED
2025-12-26,Friday,11:45:58,BX76Z541,BR59KA88,R7U39PL3,usr_001,Bruce:Wayne,GRANTED
2025-12-26,Friday,12:30:25,BD45K120,BR59KA89,R7U39PL4,usr_002,Diana:Prince,GRANTED
2025-12-26,Friday,14:15:40,BX76Z541,BR59KA87,R7U39PL2,usr_001,Bruce:Wayne,GRANTED
